"Name","Version"
"Add-CVVM","0.2.15"
"Backup-CVVM","0.2.15"
"Get-CVClientAdditionalSettings","0.2.15"
"Get-CVClientGroupProps","0.2.15"
"Get-CVClientProps","0.2.15"
"Get-CVLastBackup","0.2.15"
"Get-CVSessionDetails","0.2.15"
"Get-CVSLA","0.2.15"
"Get-CVSubclientProps","0.2.15"
"Kill-CVJob","0.2.15"
"Mount-CVVM","0.2.15"
"Protect-CVMissedSLA","0.2.15"
"Protect-CVSubclient","0.2.15"
"Remove-CVVM","0.2.15"
"Restore-CVVM","0.2.15"
"Restore-CVVMOut","0.2.15"
"Set-CVClientProps","0.2.15"
"Start-CVDRBackup","0.2.15"
"Start-CVSendLogFiles","0.2.15"
"Add-CVBlackoutWindow","0.2.15"
"Add-CVD365Content","0.2.15"
"Add-CVEntitytoSchedulePolicy","0.2.15"
"Add-CVExchangeContent","0.2.15"
"Add-CVLocalAccessPath","0.2.15"
"Add-CVMediaAgent","0.2.15"
"Add-CVMediaAgentRole","0.2.15"
"Add-CVOnedriveContent","0.2.15"
"Add-CVSharepointContent","0.2.15"
"Add-CVSoftwareCache","0.2.15"
"Add-CVTeamContent","0.2.15"
"Add-CVVirtualMachine","0.2.15"
"Add-CVVirtualMachineGroupContent","0.2.15"
"Backup-CVClientFileSystem","0.2.15"
"Backup-CVDisasterRecovery","0.2.15"
"Backup-CVServerPlan","0.2.15"
"Backup-CVSQLDatabase","0.2.15"
"Backup-CVSQLInstance","0.2.15"
"Backup-CVSQLSubclient","0.2.15"
"Backup-CVSubclient","0.2.15"
"Backup-CVVirtualMachine","0.2.15"
"Backup-CVVMGroup","0.2.15"
"Compare-CVXml","0.2.15"
"Copy-CVSoftware","0.2.15"
"Disable-CVAlertDefinition","0.2.15"
"Disable-CVAuxillaryCopyCommcell","0.2.15"
"Disable-CVBackupAgent","0.2.15"
"Disable-CVBackupCommcell","0.2.15"
"Disable-CVBackupInstance","0.2.15"
"Disable-CVBackupOnPlan","0.2.15"
"Disable-CVBackupServer","0.2.15"
"Disable-CVBackupServerGroup","0.2.15"
"Disable-CVBackupSubclient","0.2.15"
"Disable-CVBlackoutWindowIgnoreHigherLevelRules","0.2.15"
"Disable-CVContentIndexingCommcell","0.2.15"
"Disable-CVDataAgingCommcell","0.2.15"
"Disable-CVDataAgingServer","0.2.15"
"Disable-CVDataAgingServerGroup","0.2.15"
"Disable-CVDataVerificationCommcell","0.2.15"
"Disable-CVDdbCommcell","0.2.15"
"Disable-CVJobActivityCommcell","0.2.15"
"Disable-CVLocalAuthentication","0.2.15"
"Disable-CVLogScrubbing","0.2.15"
"Disable-CVMaintenanceStoragePool","0.2.15"
"Disable-CVRestoreAgent","0.2.15"
"Disable-CVRestoreCommcell","0.2.15"
"Disable-CVRestoreInstance","0.2.15"
"Disable-CVRestoreServer","0.2.15"
"Disable-CVRestoreServerGroup","0.2.15"
"Disable-CVSchedulePolicy","0.2.15"
"Disable-CVSchedulerCommcell","0.2.15"
"Dismount-CVVirtualMachine","0.2.15"
"Edit-CVAlertDefinition","0.2.15"
"Edit-CVArray","0.2.15"
"Edit-CVClientSnapConfig","0.2.15"
"Edit-CVCopySnapConfig","0.2.15"
"Edit-CVSnapConfig","0.2.15"
"Edit-CVSubclientSnapConfig","0.2.15"
"Enable-CVAlertDefinition","0.2.15"
"Enable-CVAuxillaryCopyCommcell","0.2.15"
"Enable-CVBackupAgent","0.2.15"
"Enable-CVBackupCommcell","0.2.15"
"Enable-CVBackupInstance","0.2.15"
"Enable-CVBackupOnPlan","0.2.15"
"Enable-CVBackupServer","0.2.15"
"Enable-CVBackupServerGroup","0.2.15"
"Enable-CVBackupSubclient","0.2.15"
"Enable-CVBlackoutWindowIgnoreHigherLevelRules","0.2.15"
"Enable-CVContentIndexingCommcell","0.2.15"
"Enable-CVDataAgingCommcell","0.2.15"
"Enable-CVDataAgingServer","0.2.15"
"Enable-CVDataAgingServerGroup","0.2.15"
"Enable-CVDataVerificationCommcell","0.2.15"
"Enable-CVDdbCommcell","0.2.15"
"Enable-CVJobActivity","0.2.15"
"Enable-CVLocalAuthentication","0.2.15"
"Enable-CVLogScrubbing","0.2.15"
"Enable-CVMaintenanceStoragePool","0.2.15"
"Enable-CVRestoreAgent","0.2.15"
"Enable-CVRestoreCommcell","0.2.15"
"Enable-CVRestoreInstance","0.2.15"
"Enable-CVRestoreServer","0.2.15"
"Enable-CVRestoreServerGroup","0.2.15"
"Enable-CVSchedulePolicy","0.2.15"
"Enable-CVSchedulerCommcell","0.2.15"
"Export-CVSQLDatabaseRTD","0.2.15"
"Get-CVAccessControl","0.2.15"
"Get-CVAccessNode","0.2.15"
"Get-CVActiveDirectoryClientV2","0.2.15"
"Get-CVAdldapDetail","0.2.15"
"Get-CVAggregateOnEntity","0.2.15"
"Get-CVAlert","0.2.15"
"Get-CVAlertDefinitionDetail","0.2.15"
"Get-CVAlertDefinitionList","0.2.15"
"Get-CVAlertTriggered","0.2.15"
"Get-CVAnomalouSCondition","0.2.15"
"Get-CVAPplicationGroup","0.2.15"
"Get-CVApplicationGroupDetail","0.2.15"
"Get-CVArchiveBackupDestination","0.2.15"
"Get-CVArchiveFileServer","0.2.15"
"Get-CVArchivePlan","0.2.15"
"Get-CVArray","0.2.15"
"Get-CVArrayDetail","0.2.15"
"Get-CVArrayReplicationMonitor","0.2.15"
"Get-CVAssociation","0.2.15"
"Get-CVBackupDestination","0.2.15"
"Get-CVBackupDestinationDetail","0.2.15"
"Get-CVBackupDestinationDetailWithoutPlanInfo","0.2.15"
"Get-CVBackupLocationDetail","0.2.15"
"Get-CVBigDataList","0.2.15"
"Get-CVBlackoutWindow","0.2.15"
"Get-CVBlackoutWindowDetail","0.2.15"
"Get-CVClient","0.2.15"
"Get-CVClientGroup","0.2.15"
"Get-CVClientInfo","0.2.15"
"Get-CVClientLvlArray","0.2.15"
"Get-CVClientSnapConfig","0.2.15"
"Get-CVCloudStorage","0.2.15"
"Get-CVCloudStorageList","0.2.15"
"Get-CVCloudStorageMetaDataCache","0.2.15"
"Get-CVCompany","0.2.15"
"Get-CVCompanyDetail","0.2.15"
"Get-CVCompanyLaptopAdmin","0.2.15"
"Get-CVConfiguredAgent","0.2.15"
"Get-CVCopyConfig","0.2.15"
"Get-CVCopytLvlArray","0.2.15"
"Get-CVCrdCloudAccount","0.2.15"
"Get-CVCredentialDetail","0.2.15"
"Get-CVCredentials","0.2.15"
"Get-CVCvfS3Bucket","0.2.15"
"Get-CVDatabase","0.2.15"
"Get-CVDcPlan","0.2.15"
"Get-CVDefaultInventory","0.2.15"
"Get-CVDiskSpace","0.2.15"
"Get-CVDiskStorage","0.2.15"
"Get-CVDiskStorageDetail","0.2.15"
"Get-CVDistributedStorage","0.2.15"
"Get-CVDistributedSystem","0.2.15"
"Get-CVEligibleMachineFailoverGroup","0.2.15"
"Get-CVEligibleMediaAgent","0.2.15"
"Get-CVEmailServer","0.2.15"
"Get-CVEntitySetting","0.2.15"
"Get-CVEpicServer","0.2.15"
"Get-CVFailoverGroup","0.2.15"
"Get-CVFailoverGroupDetail","0.2.15"
"Get-CVFileServer","0.2.15"
"Get-CVFirewallTopology","0.2.15"
"Get-CVFirewallTopologyDetail","0.2.15"
"Get-CVGcpSpannerDatabase","0.2.15"
"Get-CVGcpSpannerInstanceList","0.2.15"
"Get-CVGcpSpannerPermission","0.2.15"
"Get-CVGlobalException","0.2.15"
"Get-CVGlobalSetting","0.2.15"
"Get-CVHybridFileStore","0.2.15"
"Get-CVHybridFileStoreShareStatus","0.2.15"
"Get-CVHyperScaleStorage","0.2.15"
"Get-CVHyperScaleStorageList","0.2.15"
"Get-CVHypervisor","0.2.15"
"Get-CVId","0.2.15"
"Get-CVIdentityServer","0.2.15"
"Get-CVIdentityServerAssetJobHistory","0.2.15"
"Get-CVIndexServer","0.2.15"
"Get-CVInstance","0.2.15"
"Get-CVInstantClone","0.2.15"
"Get-CVInventoryAssetDetail","0.2.15"
"Get-CVInventoryAssetList","0.2.15"
"Get-CVInventoryAssociatedDataSourceList","0.2.15"
"Get-CVInventoryDetail","0.2.15"
"Get-CVInventoryList","0.2.15"
"Get-CVJobOnBackupDestination","0.2.15"
"Get-CVK8SModifier","0.2.15"
"Get-CVKeyManagementServer","0.2.15"
"Get-CVKuberneteApp","0.2.15"
"Get-CVKuberneteAppDetail","0.2.15"
"Get-CVKuberneteAppGroup","0.2.15"
"Get-CVKuberneteApplication","0.2.15"
"Get-CVKuberneteCluster","0.2.15"
"Get-CVKuberneteClusterDetail","0.2.15"
"Get-CVKuberneteClusterOp","0.2.15"
"Get-CVLaptopBackupDestination","0.2.15"
"Get-CVLaptopList","0.2.15"
"Get-CVLaptopOwnerMapping","0.2.15"
"Get-CVLaptopPlan","0.2.15"
"Get-CVLibrary","0.2.15"
"Get-CVLicenseInfo","0.2.15"
"Get-CVListS3BucketClone","0.2.15"
"Get-CVLocalBackupLocationDetail","0.2.15"
"Get-CVLocalStorage","0.2.15"
"Get-CVLocalStorageDetail","0.2.15"
"Get-CVMediaAgent","0.2.15"
"Get-CVMediaAgentDdbDisk","0.2.15"
"Get-CVMediaAgentDetail","0.2.15"
"Get-CVMountPathContent","0.2.15"
"Get-CVNode","0.2.15"
"Get-CVNodeDetail","0.2.15"
"Get-CVObjectStorePlanId","0.2.15"
"Get-CVOffice365PlanDashboard","0.2.15"
"Get-CVPermissionResponse","0.2.15"
"Get-CVPlan","0.2.15"
"Get-CVPlanId","0.2.15"
"Get-CVPlanRule","0.2.15"
"Get-CVPlanRuleAssociatedEntity","0.2.15"
"Get-CVPlanRuleDetail","0.2.15"
"Get-CVPlanRuleEntityExclude","0.2.15"
"Get-CVPlanRuleSetting","0.2.15"
"Get-CVPlanSummary","0.2.15"
"Get-CVPlatformUpgradeOption","0.2.15"
"Get-CVProject","0.2.15"
"Get-CVQualifiedServer","0.2.15"
"Get-CVRecoveryGroup","0.2.15"
"Get-CVRecoveryPointStore","0.2.15"
"Get-CVRecoveryPointStoreList","0.2.15"
"Get-CVRecoveryTarget","0.2.15"
"Get-CVRegion","0.2.15"
"Get-CVRegionDetail","0.2.15"
"Get-CVReplicationGroup","0.2.15"
"Get-CVReplicationGroupDetail","0.2.15"
"Get-CVReplicationMonitorPairId","0.2.15"
"Get-CVRequestDetail","0.2.15"
"Get-CVResourcePool","0.2.15"
"Get-CVRESTHeader","0.2.15"
"Get-CVRole","0.2.15"
"Get-CVRoleDetail","0.2.15"
"Get-CVRunningJob","0.2.15"
"Get-CVS3AccessKey","0.2.15"
"Get-CVS3BucketCloneDetail","0.2.15"
"Get-CVSamlApp","0.2.15"
"Get-CVSchedulePolicy","0.2.15"
"Get-CVServer","0.2.15"
"Get-CVServerGroup","0.2.15"
"Get-CVServerGroupDcPlan","0.2.15"
"Get-CVServerGroupIdDetail","0.2.15"
"Get-CVServerPlanRpo","0.2.15"
"Get-CVServiceCommcell","0.2.15"
"Get-CVSessionDetail","0.2.15"
"Get-CVSinglePlanSummary","0.2.15"
"Get-CVSLAReport","0.2.15"
"Get-CVSnapClient","0.2.15"
"Get-CVSnapConfig","0.2.15"
"Get-CVSnapshot","0.2.15"
"Get-CVSnapSubclient","0.2.15"
"Get-CVSnmPhost","0.2.15"
"Get-CVSoftwareCachDetail","0.2.15"
"Get-CVSoftwareCacheDetail","0.2.15"
"Get-CVSolutionId","0.2.15"
"Get-CVSourceCopy","0.2.15"
"Get-CVSQLClientDetail","0.2.15"
"Get-CVSQLClone","0.2.15"
"Get-CVSQLCloneDetail","0.2.15"
"Get-CVSQLDatabase","0.2.15"
"Get-CVSQLDatabaseBackupHistory","0.2.15"
"Get-CVSQLDatabaseDetail","0.2.15"
"Get-CVSQLInstance","0.2.15"
"Get-CVSQLInstanceBackupHistory","0.2.15"
"Get-CVSQLInstanceDetail","0.2.15"
"Get-CVStorageAssociatedCopy","0.2.15"
"Get-CVStoragePolicy","0.2.15"
"Get-CVSubclient","0.2.15"
"Get-CVSubclientLvlArray","0.2.15"
"Get-CVSubclientMediaAgent","0.2.15"
"Get-CVSubclientSnapConfig","0.2.15"
"Get-CVSyslogStatus","0.2.15"
"Get-CVTagAssociatedEntity","0.2.15"
"Get-CVTagValue","0.2.15"
"Get-CVTestFailoverMachineFailoverGroup","0.2.15"
"Get-CVTriggeredAlertDetail","0.2.15"
"Get-CVUser","0.2.15"
"Get-CVUserauthenticationMethod","0.2.15"
"Get-CVUserDetail","0.2.15"
"Get-CVUserGroup","0.2.15"
"Get-CVUserGroupDetail","0.2.15"
"Get-CVUserS3AccessKey","0.2.15"
"Get-CVV4BlackoutWindow","0.2.15"
"Get-CVV4BlackoutWindowDetail","0.2.15"
"Get-CVV4LaptopOwnerMappingPreview","0.2.15"
"Get-CVVendor","0.2.15"
"Get-CVVersionInfo","0.2.15"
"Get-CVVirtualMachine","0.2.15"
"Get-CVVirtualMachineBackupTime","0.2.15"
"Get-CVVirtualMachineLiveMount","0.2.15"
"Get-CVVMDetail","0.2.15"
"Get-CVVMGroup","0.2.15"
"Get-CVWorkflow","0.2.15"
"Group-CVPlannedFailover","0.2.15"
"Install-CVMediaAgent","0.2.15"
"Invoke-CVBrowseKuberneteNamespace","0.2.15"
"Invoke-CVBrowseKuberneteStorageClass","0.2.15"
"Invoke-CVBrowseNamespaceApplication","0.2.15"
"Invoke-CVBrowseNamespaceLabel","0.2.15"
"Invoke-CVBrowseNamespaceVolume","0.2.15"
"Invoke-CVCloudGetEligibleMediaAgent","0.2.15"
"Invoke-CVClusterReconfigureKubernete","0.2.15"
"Invoke-CVCreatelockConfiguration","0.2.15"
"Invoke-CVCreatelunlockConfiguration","0.2.15"
"Invoke-CVDeletek8SModifier","0.2.15"
"Invoke-CVDeletetagvalue","0.2.15"
"Invoke-CVDisk","0.2.15"
"Invoke-CVDiskGetEligibleMediaAgent","0.2.15"
"Invoke-CVDownloadSoftware","0.2.15"
"Invoke-CVExcludeSlaInstance","0.2.15"
"Invoke-CVFetchLocalAuthenticationDetil","0.2.15"
"Invoke-CVFetchTapeDetail","0.2.15"
"Invoke-CVFetchTapeMediaDetail","0.2.15"
"Invoke-CVFirewallTopology","0.2.15"
"Invoke-CVForce","0.2.15"
"Invoke-CVIncludeSlaInstance","0.2.15"
"Invoke-CVInventoryCrawl","0.2.15"
"Invoke-CVInvokeRecoveryGroupRecover","0.2.15"
"Invoke-CVLaptop","0.2.15"
"Invoke-CVLaptopOwnerMapping","0.2.15"
"Invoke-CVMachine","0.2.15"
"Invoke-CVModifyAccessPath","0.2.15"
"Invoke-CVModifyArchiveBackupDestination","0.2.15"
"Invoke-CVModifyArchivePlan","0.2.15"
"Invoke-CVModifyBackupDestination","0.2.15"
"Invoke-CVModifyBackupDestinationDetail","0.2.15"
"Invoke-CVModifyBackupDestinationWithoutPlanInfo","0.2.15"
"Invoke-CVModifyBackupLocation","0.2.15"
"Invoke-CVModifyBlackoutWindow","0.2.15"
"Invoke-CVModifyCloudStorage","0.2.15"
"Invoke-CVModifyCloudStorageMetaDataCache","0.2.15"
"Invoke-CVModifyCompany","0.2.15"
"Invoke-CVModifyDcPlan","0.2.15"
"Invoke-CVModifyDiskAccessPath","0.2.15"
"Invoke-CVModifyDiskStorage","0.2.15"
"Invoke-CVModifyEntitySetting","0.2.15"
"Invoke-CVModifyFailoverGroup","0.2.15"
"Invoke-CVModifyFailoverGroupSchedule","0.2.15"
"Invoke-CVModifyGlobalSetting","0.2.15"
"Invoke-CVModifyHyperScaleStorage","0.2.15"
"Invoke-CVModifyLaptopBackupDestination","0.2.15"
"Invoke-CVModifyLaptopPlan","0.2.15"
"Invoke-CVModifyLocalAccessPath","0.2.15"
"Invoke-CVModifyLocalBackupLocation","0.2.15"
"Invoke-CVModifyLocalStorage","0.2.15"
"Invoke-CVModifyMediaAgent","0.2.15"
"Invoke-CVModifyObjectStorePlan","0.2.15"
"Invoke-CVModifyPlan","0.2.15"
"Invoke-CVModifyReplicationGroup","0.2.15"
"Invoke-CVModifyRole","0.2.15"
"Invoke-CVModifySchedulePattern","0.2.15"
"Invoke-CVModifySoftwareCacheDetail","0.2.15"
"Invoke-CVModifyTriggeredAlertNote","0.2.15"
"Invoke-CVModifyUser","0.2.15"
"Invoke-CVModifyUserGroup","0.2.15"
"Invoke-CVModifyV4BlackoutWindow","0.2.15"
"Invoke-CVModifyVirtualMachine","0.2.15"
"Invoke-CVMultiNodeUnmount","0.2.15"
"Invoke-CVPinTriggeredAlert","0.2.15"
"Invoke-CVPlanServer","0.2.15"
"Invoke-CVPreviewApplicationGroup","0.2.15"
"Invoke-CVPreviewServerGroupCreation","0.2.15"
"Invoke-CVPreviewVMGroup","0.2.15"
"Invoke-CVReConfigureHypervisor","0.2.15"
"Invoke-CVRetireClientPackage","0.2.15"
"Invoke-CVRetireKuberneteCluster","0.2.15"
"Invoke-CVRetireServer","0.2.15"
"Invoke-CVRetireServerGroup","0.2.15"
"Invoke-CVReturnDrivePoolDetail","0.2.15"
"Invoke-CVReturnList","0.2.15"
"Invoke-CVRotateS3AccessKey","0.2.15"
"Invoke-CVRotateUserS3AccessKey","0.2.15"
"Invoke-CVSnap","0.2.15"
"Invoke-CVSnapDelete","0.2.15"
"Invoke-CVSnapForceDelete","0.2.15"
"Invoke-CVSnapForceUnmount","0.2.15"
"Invoke-CVSnapMount","0.2.15"
"Invoke-CVSnapReconWorkflow","0.2.15"
"Invoke-CVSnapRevert","0.2.15"
"Invoke-CVSnapUnmount","0.2.15"
"Invoke-CVUnpinTriggeredAlert","0.2.15"
"Invoke-CVUnreadTriggeredAlert","0.2.15"
"Invoke-CVVMActionDelete","0.2.15"
"Invoke-CVVMActionRefresh","0.2.15"
"Invoke-CVVMActionRenew","0.2.15"
"Invoke-SetupLogin","0.2.15"
"Join-CVMa","0.2.15"
"Mount-CVSQLDatabase","0.2.15"
"Mount-CVVirtualMachine","0.2.15"
"New-CVAccessPath","0.2.15"
"New-CVAlertDefinition","0.2.15"
"New-CVArchiveBackupDestination","0.2.15"
"New-CVArchivePlan","0.2.15"
"New-CVArray","0.2.15"
"New-CVAzureAdClient","0.2.15"
"New-CVBackupDestination","0.2.15"
"New-CVBackupDestinationWithoutPlanInfo","0.2.15"
"New-CVBackupLocation","0.2.15"
"New-CVBlackoutWindow","0.2.15"
"New-CVBucketforCloudStorage","0.2.15"
"New-CVCdmPlan","0.2.15"
"New-CVCloudStorage","0.2.15"
"New-CVCloudStorageMetaDataCache","0.2.15"
"New-CVCompany","0.2.15"
"New-CVCredentials","0.2.15"
"New-CVCvfS3Bucket","0.2.15"
"New-CVD365Client","0.2.15"
"New-CVDcPlan","0.2.15"
"New-CVDiskStorage","0.2.15"
"New-CVExchangeClient","0.2.15"
"New-CVFailoverGroupSchedule","0.2.15"
"New-CVGlobalServerPlan","0.2.15"
"New-CVHyperScaleStorage","0.2.15"
"New-CVHypervisor","0.2.15"
"New-CVInventory","0.2.15"
"New-CVK8SModifier","0.2.15"
"New-CVKuberneteApplicationGroup","0.2.15"
"New-CVKuberneteClusterOp","0.2.15"
"New-CVKubernetescluster","0.2.15"
"New-CVLaptopBackupDestination","0.2.15"
"New-CVLaptopPlan","0.2.15"
"New-CVLdap","0.2.15"
"New-CVLocalBackupLocation","0.2.15"
"New-CVLocalStorage","0.2.15"
"New-CVNodeforHyperScaleStorage","0.2.15"
"New-CVObjectStorePlan","0.2.15"
"New-CVOnedriveClient","0.2.15"
"New-CVPlanRule","0.2.15"
"New-CVRecoveryEntity","0.2.15"
"New-CVRecoveryGroup","0.2.15"
"New-CVRegion","0.2.15"
"New-CVReplicationGroup","0.2.15"
"New-CVRequestOperation","0.2.15"
"New-CVRole","0.2.15"
"New-CVS3BucketClone","0.2.15"
"New-CVSamlApp","0.2.15"
"New-CVServerGroup","0.2.15"
"New-CVServerPlan","0.2.15"
"New-CVServerPlanBackupContent","0.2.15"
"New-CVServerPlanRpo","0.2.15"
"New-CVSharepointClient","0.2.15"
"New-CVTeamClient","0.2.15"
"New-CVUser","0.2.15"
"New-CVUserGroup","0.2.15"
"New-CVV4BlackoutWindow","0.2.15"
"New-CVVMGroup","0.2.15"
"New-CVVMGroupV5","0.2.15"
"ProcessBlackoutWindowIgnoreHigherLevelRules","0.2.15"
"Read-CVTriggeredAlert","0.2.15"
"Remove-CVAccessPath","0.2.15"
"Remove-CVAdldap","0.2.15"
"Remove-CVAgent","0.2.15"
"Remove-CVAlertDefinition","0.2.15"
"Remove-CVArchiveBackupDestination","0.2.15"
"Remove-CVArchivePlan","0.2.15"
"Remove-CVArray","0.2.15"
"Remove-CVBackupDestination","0.2.15"
"Remove-CVBackupDestinationWithoutPlanInfo","0.2.15"
"Remove-CVBackupLocation","0.2.15"
"Remove-CVBlackoutWindow","0.2.15"
"Remove-CVBucket","0.2.15"
"Remove-CVBulkLaptopOwnerMappingActionDelete","0.2.15"
"Remove-CVCloudStorage","0.2.15"
"Remove-CVCloudStorageMetadataCache","0.2.15"
"Remove-CVCompany","0.2.15"
"Remove-CVCredential","0.2.15"
"Remove-CVCvfS3Bucket","0.2.15"
"Remove-CVDcPlan","0.2.15"
"Remove-CVDeconfiguredKuberneteCluster","0.2.15"
"Remove-CVDiskAccessPath","0.2.15"
"Remove-CVDiskStorage","0.2.15"
"Remove-CVEntityTag","0.2.15"
"Remove-CVFailoverGroup","0.2.15"
"Remove-CVFailoverGroupSchedule","0.2.15"
"Remove-CVFirewallTopology","0.2.15"
"Remove-CVHyperScaleStorage","0.2.15"
"Remove-CVHypervisor","0.2.15"
"Remove-CVInstantCloneForce","0.2.15"
"Remove-CVInventory","0.2.15"
"Remove-CVInventoryAsset","0.2.15"
"Remove-CVKeyManagementServer","0.2.15"
"Remove-CVKuberneteAppGroup","0.2.15"
"Remove-CVLaptopBackupDestination","0.2.15"
"Remove-CVLaptopPlan","0.2.15"
"Remove-CVLocalAccessPath","0.2.15"
"Remove-CVLocalBackupLocation","0.2.15"
"Remove-CVLocalStorage","0.2.15"
"Remove-CVMediaAgent","0.2.15"
"Remove-CVMultipleTriggeredalert","0.2.15"
"Remove-CVMultipleUser","0.2.15"
"Remove-CVMultipleUserGroup","0.2.15"
"Remove-CVObjectStorePlan","0.2.15"
"Remove-CVPlan","0.2.15"
"Remove-CVPlanRule","0.2.15"
"Remove-CVRecoveryEntity","0.2.15"
"Remove-CVRecoveryPointStore","0.2.15"
"Remove-CVRecoveryTarget","0.2.15"
"Remove-CVRegion","0.2.15"
"Remove-CVRequestManagerRequest","0.2.15"
"Remove-CVRole","0.2.15"
"Remove-CVS3BucketClone","0.2.15"
"Remove-CVServerGroup","0.2.15"
"Remove-CVServerGroupDcPlan","0.2.15"
"Remove-CVSnapInstantClone","0.2.15"
"Remove-CVSoftwareCacheServer","0.2.15"
"Remove-CVSQLClone","0.2.15"
"Remove-CVStorageRegion","0.2.15"
"Remove-CVStorageTagRegion","0.2.15"
"Remove-CVTriggeredAlert","0.2.15"
"Remove-CVUser","0.2.15"
"Remove-CVUserGroup","0.2.15"
"Remove-CVVirtualMachine","0.2.15"
"Remove-CVVMGroup","0.2.15"
"Repair-CVSoftware","0.2.15"
"Request-CVManagerRequestList","0.2.15"
"Restore-CVClientFileSystem","0.2.15"
"Restore-CVSQLDatabase","0.2.15"
"Restore-CVVirtualMachine","0.2.15"
"Restore-CVVM","0.2.15"
"Restore-CVVMGroup","0.2.15"
"Resume-CVJob","0.2.15"
"Retry-CVJob","0.2.15"
"Search-CVClientFileSystem","0.2.15"
"Select-CVClientFileSystem","0.2.15"
"Send-CVLogFile","0.2.15"
"Send-CVTestMailReq","0.2.15"
"Set-CVAccessControl","0.2.15"
"Set-CVAdldap","0.2.15"
"Set-CVClient","0.2.15"
"Set-CVClientGroup","0.2.15"
"Set-CVCompanyLaptopAdmin","0.2.15"
"Set-CVCompanyTimezone","0.2.15"
"Set-CVCredential","0.2.15"
"Set-CVCvfS3Bucket","0.2.15"
"Set-CVEmailServer","0.2.15"
"Set-CVFirewallTopology","0.2.15"
"Set-CVHypervisor","0.2.15"
"Set-CVHypervisorAccessNode","0.2.15"
"Set-CVHypervisorFbr","0.2.15"
"Set-CVK8SRestoreModifier","0.2.15"
"Set-CVKuberneteAppGroupOp","0.2.15"
"Set-CVKuberneteProperty","0.2.15"
"Set-CVLaptopOwnerMapping","0.2.15"
"Set-CVLaptopOwnerMappingActionAssign","0.2.15"
"Set-CVNode","0.2.15"
"Set-CVPlanRule","0.2.15"
"Set-CVPlanRuleAssociatedEntity","0.2.15"
"Set-CVPlanRuleEntityAssociate","0.2.15"
"Set-CVPlanRuleEntityExclude","0.2.15"
"Set-CVPlanRuleEntityInclude","0.2.15"
"Set-CVPlanRuleRank","0.2.15"
"Set-CVPlanRuleSetting","0.2.15"
"Set-CVRecoveryEntity","0.2.15"
"Set-CVRegion","0.2.15"
"Set-CVRequest","0.2.15"
"Set-CVS3BucketCloneExpiry","0.2.15"
"Set-CVSamlApp","0.2.15"
"Set-CVServerGroupAssociation","0.2.15"
"Set-CVServerGroupDcPlan","0.2.15"
"Set-CVServerPlanRpo","0.2.15"
"Set-CVSoftware","0.2.15"
"Set-CVSubclient","0.2.15"
"Set-CVSyslogStatus","0.2.15"
"Set-CVValue","0.2.15"
"Set-CVVMGroup","0.2.15"
"Start-CVApplicationBackup","0.2.15"
"Start-CVApplicationGroupBackup","0.2.15"
"Start-CVBackupCopy","0.2.15"
"Start-CVJobOperationOnPlanBackupDestination","0.2.15"
"Start-CVWorkflow","0.2.15"
"Stop-CVJob","0.2.15"
"Submit-CVRESTRequest","0.2.15"
"Test-CVK8SModifierRestore","0.2.15"
"Update-CVGlobalException","0.2.15"
"Update-CVHyperVisorCredentials","0.2.15"
"Update-CVMissedSLA","0.2.15"
